{
  "appId": "org.discord-bot-creator.discord-bot-creator",
  "productName": "Discord Bot Creator",
  "copyright": "Copyright © 2020 Discord Bot Creator",
  "files": ["./main.js", "./LICENSE", "./renderer", "./resources"],
  "directories": {
    "buildResources": "./build/resources"
  },
  "win": {
    "icon": "icon.ico",
    "target": ["zip"]
  },
  "linux": {
    "icon": "icon.png",
    "target": ["deb"]
  },
  "nsis": {
    "license": "./LICENSE",
    "oneClick": false,
    "allowToChangeInstallationDirectory": true,
    "runAfterFinish": false
  }
}
